,mean_coverage,median_coverage,std_coverage
0,4.9771412882787756,5.0,2.3473035118324352
